{
  "project_info": {
    "project_number": "51918009416",
    "project_id": "rehab-1",
    "storage_bucket": "rehab-1.appspot.com"
  },
  "client": [
    {
      "client_info": {
        "mobilesdk_app_id": "1:51918009416:android:dc6af3172b8665d757147d",
        "android_client_info": {
          "package_name": "com.example.rehab_1"
        }
      },
      "oauth_client": [
        {
          "client_id": "51918009416-5978g4i2p66r8g90o8c1nde7usgmoe5e.apps.googleusercontent.com",
          "client_type": 3
        }
      ],
      "api_key": [
        {
          "current_key": "AIzaSyCIUO4Frzmq7WV9JDKdZsbpDepfRnt4jFo"
        }
      ],
      "services": {
        "appinvite_service": {
          "other_platform_oauth_client": [
            {
              "client_id": "51918009416-5978g4i2p66r8g90o8c1nde7usgmoe5e.apps.googleusercontent.com",
              "client_type": 3
            }
          ]
        }
      }
    }
  ],
  "configuration_version": "1"
}